"Source:","C:\Users\joshm\OneDrive\Documents\KiCad\AddBuff\AddBuff.sch"
"Date:","8/18/2023 6:49:53 PM"
"Tool:","Eeschema (5.1.10)-1"
"Generator:","C:\Program Files\KiCad\bin\scripting\plugins/bom_csv_grouped_by_value.py"
"Component Count:","56"

"Individual Components:"

"Item","Qty","Reference(s)","Value","LibPart","Footprint","Datasheet"
"","","C1","47p","Device:C","Capacitor_SMD:C_0603_1608Metric_Pad1.08x0.95mm_HandSolder","~"
"","","C2","47p","Device:C","Capacitor_SMD:C_0603_1608Metric_Pad1.08x0.95mm_HandSolder","~"
"","","C3","100n","Device:C","Capacitor_SMD:C_0603_1608Metric_Pad1.08x0.95mm_HandSolder","~"
"","","C4","100n","Device:C","Capacitor_SMD:C_0603_1608Metric_Pad1.08x0.95mm_HandSolder","~"
"","","C5","100n","Device:C","Capacitor_SMD:C_0603_1608Metric_Pad1.08x0.95mm_HandSolder","~"
"","","C6","100n","Device:C","Capacitor_SMD:C_0603_1608Metric_Pad1.08x0.95mm_HandSolder","~"
"","","C7","100n","Device:C","Capacitor_SMD:C_0603_1608Metric_Pad1.08x0.95mm_HandSolder","~"
"","","C8","100n","Device:C","Capacitor_SMD:C_0603_1608Metric_Pad1.08x0.95mm_HandSolder","~"
"","","C9","10u","Device:CP","Capacitor_SMD:C_Elec_4x5.4","~"
"","","C10","10u","Device:CP","Capacitor_SMD:C_Elec_4x5.4","~"
"","","J1","AudioJack2_SwitchT","Connector:AudioJack2_SwitchT","Thonk Jacks:Jack_3.5mm_QingPu_WQP-PJ398SM_Vertical","~"
"","","J2","AudioJack2_SwitchT","Connector:AudioJack2_SwitchT","Thonk Jacks:Jack_3.5mm_QingPu_WQP-PJ398SM_Vertical","~"
"","","J3","AudioJack2_SwitchT","Connector:AudioJack2_SwitchT","Thonk Jacks:Jack_3.5mm_QingPu_WQP-PJ398SM_Vertical","~"
"","","J4","AudioJack2_SwitchT","Connector:AudioJack2_SwitchT","Thonk Jacks:Jack_3.5mm_QingPu_WQP-PJ398SM_Vertical","~"
"","","J5","AudioJack2_SwitchT","Connector:AudioJack2_SwitchT","Thonk Jacks:Jack_3.5mm_QingPu_WQP-PJ398SM_Vertical","~"
"","","J6","AudioJack2_SwitchT","Connector:AudioJack2_SwitchT","Thonk Jacks:Jack_3.5mm_QingPu_WQP-PJ398SM_Vertical","~"
"","","J7","AudioJack2_SwitchT","Connector:AudioJack2_SwitchT","Thonk Jacks:Jack_3.5mm_QingPu_WQP-PJ398SM_Vertical","~"
"","","J8","AudioJack2_SwitchT","Connector:AudioJack2_SwitchT","Thonk Jacks:Jack_3.5mm_QingPu_WQP-PJ398SM_Vertical","~"
"","","J9","AudioJack2_SwitchT","Connector:AudioJack2_SwitchT","Thonk Jacks:Jack_3.5mm_QingPu_WQP-PJ398SM_Vertical","~"
"","","J10","AudioJack2_SwitchT","Connector:AudioJack2_SwitchT","Thonk Jacks:Jack_3.5mm_QingPu_WQP-PJ398SM_Vertical","~"
"","","J11","AudioJack2_SwitchT","Connector:AudioJack2_SwitchT","Thonk Jacks:Jack_3.5mm_QingPu_WQP-PJ398SM_Vertical","~"
"","","J12","AudioJack2_SwitchT","Connector:AudioJack2_SwitchT","Thonk Jacks:Jack_3.5mm_QingPu_WQP-PJ398SM_Vertical","~"
"","","J13","AudioJack2_SwitchT","Connector:AudioJack2_SwitchT","Thonk Jacks:Jack_3.5mm_QingPu_WQP-PJ398SM_Vertical","~"
"","","J14","AudioJack2_SwitchT","Connector:AudioJack2_SwitchT","Thonk Jacks:Jack_3.5mm_QingPu_WQP-PJ398SM_Vertical","~"
"","","J15","AudioJack2_SwitchT","Connector:AudioJack2_SwitchT","Thonk Jacks:Jack_3.5mm_QingPu_WQP-PJ398SM_Vertical","~"
"","","J16","AudioJack2_SwitchT","Connector:AudioJack2_SwitchT","Thonk Jacks:Jack_3.5mm_QingPu_WQP-PJ398SM_Vertical","~"
"","","J17","Conn_02x05_Odd_Even","Connector_Generic:Conn_02x05_Odd_Even","Connector_PinHeader_2.54mm:PinHeader_2x05_P2.54mm_Vertical","~"
"","","J18","Conn_02x10_Odd_Even","Connector_Generic:Conn_02x10_Odd_Even","Connector_PinHeader_2.54mm:PinHeader_2x10_P2.54mm_Vertical","~"
"","","J19","Conn_02x10_Odd_Even","Connector_Generic:Conn_02x10_Odd_Even","Connector_PinHeader_2.54mm:PinHeader_2x10_P2.54mm_Vertical","~"
"","","J20","Conn_01x10_Female","Connector:Conn_01x10_Female","Connector_PinHeader_2.54mm:PinHeader_1x10_P2.54mm_Vertical","~"
"","","J21","Conn_01x10_Male","Connector:Conn_01x10_Male","Connector_PinHeader_2.54mm:PinHeader_1x10_P2.54mm_Vertical","~"
"","","J22","Conn_01x10_Female","Connector:Conn_01x10_Female","Connector_PinHeader_2.54mm:PinHeader_1x10_P2.54mm_Vertical","~"
"","","J23","Conn_01x10_Male","Connector:Conn_01x10_Male","Connector_PinHeader_2.54mm:PinHeader_1x10_P2.54mm_Vertical","~"
"","","R1","100k","Device:R","Resistor_SMD:R_0603_1608Metric_Pad0.98x0.95mm_HandSolder","~"
"","","R2","100k","Device:R","Resistor_SMD:R_0603_1608Metric_Pad0.98x0.95mm_HandSolder","~"
"","","R3","100k","Device:R","Resistor_SMD:R_0603_1608Metric_Pad0.98x0.95mm_HandSolder","~"
"","","R4","100k","Device:R","Resistor_SMD:R_0603_1608Metric_Pad0.98x0.95mm_HandSolder","~"
"","","R5","100k","Device:R","Resistor_SMD:R_0603_1608Metric_Pad0.98x0.95mm_HandSolder","~"
"","","R6","100k","Device:R","Resistor_SMD:R_0603_1608Metric_Pad0.98x0.95mm_HandSolder","~"
"","","R8","100k","Device:R","Resistor_SMD:R_0603_1608Metric_Pad0.98x0.95mm_HandSolder","~"
"","","R9","100k","Device:R","Resistor_SMD:R_0603_1608Metric_Pad0.98x0.95mm_HandSolder","~"
"","","R10","100R","Device:R","Resistor_SMD:R_0603_1608Metric_Pad0.98x0.95mm_HandSolder","~"
"","","R11","100R","Device:R","Resistor_SMD:R_0603_1608Metric_Pad0.98x0.95mm_HandSolder","~"
"","","R12","100R","Device:R","Resistor_SMD:R_0603_1608Metric_Pad0.98x0.95mm_HandSolder","~"
"","","R13","100k","Device:R","Resistor_SMD:R_0603_1608Metric_Pad0.98x0.95mm_HandSolder","~"
"","","R14","100k","Device:R","Resistor_SMD:R_0603_1608Metric_Pad0.98x0.95mm_HandSolder","~"
"","","R15","100k","Device:R","Resistor_SMD:R_0603_1608Metric_Pad0.98x0.95mm_HandSolder","~"
"","","R16","100k","Device:R","Resistor_SMD:R_0603_1608Metric_Pad0.98x0.95mm_HandSolder","~"
"","","R17","100R","Device:R","Resistor_SMD:R_0603_1608Metric_Pad0.98x0.95mm_HandSolder","~"
"","","R18","100R","Device:R","Resistor_SMD:R_0603_1608Metric_Pad0.98x0.95mm_HandSolder","~"
"","","R20","100R","Device:R","Resistor_SMD:R_0603_1608Metric_Pad0.98x0.95mm_HandSolder","~"
"","","R21","100R","Device:R","Resistor_SMD:R_0603_1608Metric_Pad0.98x0.95mm_HandSolder","~"
"","","R22","100R","Device:R","Resistor_SMD:R_0603_1608Metric_Pad0.98x0.95mm_HandSolder","~"
"","","U1","TL074","Amplifier_Operational:TL074","Package_SO:SOIC-14_3.9x8.7mm_P1.27mm","http://www.ti.com/lit/ds/symlink/tl071.pdf"
"","","U2","TL074","Amplifier_Operational:TL074","Package_SO:SOIC-14_3.9x8.7mm_P1.27mm","http://www.ti.com/lit/ds/symlink/tl071.pdf"
"","","U3","TL074","Amplifier_Operational:TL074","Package_SO:SOIC-14_3.9x8.7mm_P1.27mm","http://www.ti.com/lit/ds/symlink/tl071.pdf"



"Collated Components:"

"Item","Qty","Reference(s)","Value","LibPart","Footprint","Datasheet"
"1","2","C1, C2","47p","Device:C","Capacitor_SMD:C_0603_1608Metric_Pad1.08x0.95mm_HandSolder","~"
"2","6","C3, C4, C5, C6, C7, C8","100n","Device:C","Capacitor_SMD:C_0603_1608Metric_Pad1.08x0.95mm_HandSolder","~"
"3","2","C9, C10","10u","Device:CP","Capacitor_SMD:C_Elec_4x5.4","~"
"4","16","J1, J2, J3, J4, J5, J6, J7, J8, J9, J10, J11, J12, J13, J14, J15, J16","AudioJack2_SwitchT","Connector:AudioJack2_SwitchT","Thonk Jacks:Jack_3.5mm_QingPu_WQP-PJ398SM_Vertical","~"
"5","1","J17","Conn_02x05_Odd_Even","Connector_Generic:Conn_02x05_Odd_Even","Connector_PinHeader_2.54mm:PinHeader_2x05_P2.54mm_Vertical","~"
"6","2","J18, J19","Conn_02x10_Odd_Even","Connector_Generic:Conn_02x10_Odd_Even","Connector_PinHeader_2.54mm:PinHeader_2x10_P2.54mm_Vertical","~"
"7","2","J20, J22","Conn_01x10_Female","Connector:Conn_01x10_Female","Connector_PinHeader_2.54mm:PinHeader_1x10_P2.54mm_Vertical","~"
"8","2","J21, J23","Conn_01x10_Male","Connector:Conn_01x10_Male","Connector_PinHeader_2.54mm:PinHeader_1x10_P2.54mm_Vertical","~"
"9","12","R1, R2, R3, R4, R5, R6, R8, R9, R13, R14, R15, R16","100k","Device:R","Resistor_SMD:R_0603_1608Metric_Pad0.98x0.95mm_HandSolder","~"
"10","8","R10, R11, R12, R17, R18, R20, R21, R22","100R","Device:R","Resistor_SMD:R_0603_1608Metric_Pad0.98x0.95mm_HandSolder","~"
"11","3","U1, U2, U3","TL074","Amplifier_Operational:TL074","Package_SO:SOIC-14_3.9x8.7mm_P1.27mm","http://www.ti.com/lit/ds/symlink/tl071.pdf"
